Date,Day,GenAdm,ExtendHr,PWD GA,Early Jump,Overall Pax QTY.,Overall Pax Amount,,10 Hours Multipass,20 Hours MultiPass
1/1/2022,SUN,160,7,5,10,182,83628,,,
1/2/2022,MON,153,1,6,3,163,75249,,,
1/3/2022,TUE,99,2,5,1,107,48503,,,
1/4/2022,WED,21,7,2,0,30,12474,,,
1/5/2022,THU,61,7,3,2,73,32633,,,
1/6/2022,FRI,83,1,2,7,93,43111,,,1
1/7/2022,SAT,142,7,0,0,149,73651,,,
1/8/2022,SUN,84,5,5,5,99,43411,,,
1/9/2022,MON,143,1,5,4,153,70957,,,
1/10/2022,TUE,162,1,4,9,176,82332,,,
1/11/2022,WED,143,8,2,1,154,74050,,,
1/12/2022,THU,177,2,3,8,190,90316,,,
1/13/2022,FRI,187,8,3,6,204,97102,,,
1/14/2022,SAT,108,2,2,2,114,54490,,,
1/15/2022,SUN,147,5,2,10,164,77540,,,
1/16/2022,MON,22,4,3,10,39,14367,,,
1/17/2022,TUE,70,4,1,5,80,37622,,,
1/18/2022,WED,238,3,6,4,251,118761,,1,
1/19/2022,THU,202,7,1,5,215,104687,,,
1/20/2022,FRI,91,6,1,6,104,49198,,,
1/21/2022,SAT,249,3,3,5,260,125746,,,
1/22/2022,SUN,140,5,6,9,160,72152,,,
1/23/2022,MON,179,8,6,10,203,93109,,,
1/24/2022,TUE,81,1,5,0,87,38823,,,
1/25/2022,WED,193,6,3,1,203,97803,,,
1/26/2022,THU,56,8,3,3,70,30836,,,
1/27/2022,FRI,102,6,1,8,117,55285,,,
1/28/2022,SAT,147,8,3,0,158,75348,,,
1/29/2022,SUN,148,6,0,3,157,77143,,,
1/30/2022,MON,207,5,5,2,219,103891,,,
1/31/2022,TUE,26,0,5,5,36,12474,,,
2/1/2022,WED,170,4,0,6,180,88220,,,
2/2/2022,THU,53,4,3,3,63,27743,,,
2/3/2022,FRI,229,0,2,10,241,116463,,,
2/4/2022,SAT,86,4,1,6,97,45905,,,
2/5/2022,SUN,210,2,4,3,219,104889,,,
2/6/2022,MON,81,2,2,1,86,40718,,,
2/7/2022,TUE,119,0,2,8,129,60975,,,
2/8/2022,WED,127,3,3,6,139,65167,,,
2/9/2022,THU,150,6,6,4,166,76046,,,
2/10/2022,FRI,213,4,3,6,226,108480,,,
2/11/2022,SAT,214,4,3,1,222,107484,,,
2/12/2022,SUN,136,1,5,9,151,68959,,,
2/13/2022,MON,74,5,4,10,93,40315,,,
2/14/2022,TUE,176,2,4,6,188,88820,,,
2/15/2022,WED,138,1,0,6,145,71055,,,
2/16/2022,THU,85,6,5,5,101,44309,,,
2/17/2022,FRI,147,6,4,5,162,75646,,,1
2/18/2022,SAT,139,1,4,8,152,70556,,,
2/19/2022,SUN,52,5,0,4,61,29139,,,
2/20/2022,MON,203,5,5,4,217,102493,,,
2/21/2022,TUE,138,5,3,7,153,71753,,,
2/22/2022,WED,131,7,1,10,149,70753,,,
2/23/2022,THU,19,6,1,2,28,12074,,,
2/24/2022,FRI,36,3,2,10,51,21353,,,
2/25/2022,SAT,94,0,6,0,100,44512,,,
2/26/2022,SUN,199,4,1,2,206,101096,,,
2/27/2022,MON,149,2,1,2,154,75348,,,
2/28/2022,TUE,55,5,2,2,64,29240,,,
3/1/2022,WED,101,3,6,9,119,51893,,,
3/2/2022,THU,204,0,1,4,209,102593,,,
3/3/2022,FRI,137,8,4,3,152,70856,,,
3/4/2022,SAT,250,1,6,9,266,125446,,,
3/5/2022,SUN,63,3,0,1,67,32933,,,
3/6/2022,MON,203,3,6,1,213,100399,,,
3/7/2022,TUE,178,6,0,2,186,91814,,,
3/8/2022,WED,193,1,4,5,203,96605,,,
3/9/2022,THU,51,4,3,0,58,25848,,,
3/10/2022,FRI,119,2,0,7,128,62272,,,
3/11/2022,SAT,112,4,1,0,117,57085,,,
3/12/2022,SUN,80,5,3,8,96,43110,,,
3/13/2022,MON,121,2,1,2,126,61376,,,
3/14/2022,TUE,131,7,4,10,152,69556,,,
3/15/2022,WED,107,0,2,1,110,52894,,,
3/16/2022,THU,45,1,4,5,55,22753,,,
3/17/2022,FRI,225,4,6,0,235,111477,,,
3/18/2022,SAT,51,4,0,1,56,27344,,,
3/19/2022,SUN,94,7,5,8,114,50096,,,
3/20/2022,MON,88,1,3,0,92,43114,,2,
3/21/2022,TUE,71,4,5,5,85,36525,,,
3/22/2022,WED,222,2,2,10,236,113768,,,
3/23/2022,THU,187,4,1,0,192,94510,,,
3/24/2022,FRI,73,4,0,3,80,38920,,,
3/25/2022,SAT,129,0,1,0,130,63972,,,
3/26/2022,SUN,144,5,1,3,153,74349,,,
3/27/2022,MON,130,0,3,6,139,65467,,,
3/28/2022,TUE,141,5,3,7,156,73250,,,
3/29/2022,WED,231,3,1,5,240,117562,,,
3/30/2022,THU,54,3,4,10,71,29537,,,
3/31/2022,FRI,61,3,4,8,76,32432,,,
4/1/2022,SAT,56,1,2,1,60,27844,,,
4/2/2022,SUN,52,0,3,9,64,27442,,,
4/3/2022,MON,104,4,6,10,124,54088,,,
4/4/2022,TUE,102,3,5,9,119,52791,,,
4/5/2022,WED,213,5,3,1,222,107384,,,
4/6/2022,THU,119,3,2,2,126,60378,,,
4/7/2022,FRI,198,6,0,0,204,101196,,,
4/8/2022,SAT,213,2,2,3,220,107184,,,
4/9/2022,SUN,150,8,4,9,171,79137,,,
4/10/2022,MON,151,8,3,9,171,80035,,,
4/11/2022,TUE,165,8,0,6,179,87321,,,2
4/12/2022,WED,73,2,0,3,78,38122,,,
4/13/2022,THU,57,6,4,3,70,30138,,,
4/14/2022,FRI,45,4,0,3,52,24948,,,
4/15/2022,SAT,51,2,0,10,63,29237,,,
4/16/2022,SUN,33,1,1,0,35,16467,,,
4/17/2022,MON,114,2,1,9,126,59976,,,
4/18/2022,TUE,45,7,6,1,59,23153,,,
4/19/2022,WED,201,8,4,10,223,104885,,,
4/20/2022,THU,229,8,3,7,247,118359,,,
4/21/2022,FRI,205,6,0,6,217,106483,,,
4/22/2022,SAT,212,0,3,2,217,105189,,,
4/23/2022,SUN,100,4,4,4,112,51096,,,
4/24/2022,MON,167,3,4,2,176,83532,,,
4/25/2022,TUE,20,6,4,10,40,13768,,,
4/26/2022,WED,93,4,0,10,107,50993,,,
4/27/2022,THU,102,6,4,10,122,54686,,,
4/28/2022,FRI,51,1,0,9,61,28539,,,
4/29/2022,SAT,127,7,0,6,140,67960,,,
4/30/2022,SUN,237,8,4,10,259,122849,,,
5/1/2022,MON,144,6,4,8,162,75046,,,
5/2/2022,TUE,113,4,2,6,125,58979,,,
5/3/2022,WED,146,1,0,8,155,75645,,,
5/4/2022,THU,58,7,3,8,76,32930,,,
5/5/2022,FRI,56,1,3,6,66,28940,,,
5/6/2022,SAT,94,5,6,8,113,48899,,,
5/7/2022,SUN,224,8,4,3,239,114269,,,
5/8/2022,MON,44,4,2,1,51,23053,,,
5/9/2022,TUE,77,0,4,1,82,37126,,,
5/10/2022,WED,154,1,4,9,168,78340,,,
5/11/2022,THU,139,4,2,6,151,71953,,,
5/12/2022,FRI,152,6,3,8,169,79437,,,
5/13/2022,SAT,96,4,0,10,110,52490,,,
5/14/2022,SUN,36,2,3,0,41,17565,,,
5/15/2022,MON,157,3,1,3,164,80038,,,
5/16/2022,TUE,111,6,4,0,121,56187,,,
5/17/2022,WED,172,1,0,10,183,89217,,,
5/18/2022,THU,180,5,0,2,187,92413,,,
5/19/2022,FRI,94,5,2,0,101,48103,,,
5/20/2022,SAT,196,8,2,7,213,102291,,,
5/21/2022,SUN,41,6,4,7,58,23350,,,
5/22/2022,MON,60,2,4,10,76,32132,,,
5/23/2022,TUE,61,0,1,1,63,30339,,,
5/24/2022,WED,157,0,4,0,161,76747,,,
5/25/2022,THU,133,1,3,4,141,66765,,,
5/26/2022,FRI,182,4,5,4,195,91615,,,
5/27/2022,SAT,33,3,6,9,51,17961,,,
5/28/2022,SUN,99,0,1,5,105,50497,,,
5/29/2022,MON,103,6,6,9,124,54088,,,
5/30/2022,TUE,150,3,6,0,159,73653,,,
5/31/2022,WED,211,3,3,10,227,108279,,,
6/1/2022,THU,95,3,4,7,109,49099,,,
6/2/2022,FRI,110,3,3,2,118,55488,,,
6/3/2022,SAT,241,0,0,8,249,122651,,,
6/4/2022,SUN,61,2,0,2,65,31835,,,
6/5/2022,MON,25,6,3,4,38,14868,,,
6/6/2022,TUE,76,4,4,8,92,40316,,,
6/7/2022,WED,24,8,6,3,41,13671,,,
6/8/2022,THU,106,7,5,3,121,54589,,,
6/9/2022,FRI,181,5,1,6,193,93709,,,
6/10/2022,SAT,41,8,3,10,62,25444,,,
6/11/2022,SUN,152,6,1,3,162,78740,,,
6/12/2022,MON,241,7,4,2,254,122054,,,
6/13/2022,TUE,141,7,6,5,159,72253,,,
6/14/2022,WED,95,0,0,6,101,49199,,,
6/15/2022,THU,195,3,5,2,205,97105,,,
6/16/2022,FRI,66,1,6,2,75,31537,,,
6/17/2022,SAT,70,8,4,5,87,38021,,,
6/18/2022,SUN,227,5,2,10,244,117460,,,
6/19/2022,MON,100,4,0,9,113,54187,,,
6/20/2022,TUE,95,3,3,6,107,49199,,,
6/21/2022,WED,88,0,2,6,96,44908,,,
6/22/2022,THU,56,8,3,2,69,30537,,,
6/23/2022,FRI,134,8,2,3,147,70157,,,1
6/24/2022,SAT,213,0,2,1,216,105788,,,
6/25/2022,SUN,104,7,2,2,115,54489,,,
6/26/2022,MON,23,6,6,5,40,12972,,,
6/27/2022,TUE,56,6,2,5,69,31035,,,
6/28/2022,WED,184,7,1,0,192,94210,,,
6/29/2022,THU,183,4,0,10,197,95903,,,
6/30/2022,FRI,191,4,1,2,198,97104,,,
7/1/2022,SAT,34,2,0,7,43,19857,,,
7/2/2022,SUN,210,6,2,3,221,107283,,,
7/3/2022,MON,229,0,4,4,237,113871,,,
7/4/2022,TUE,163,2,6,4,175,80937,,,
7/5/2022,WED,187,3,0,10,200,97500,,,
7/6/2022,THU,213,7,5,1,226,107384,,,
7/7/2022,FRI,34,2,1,7,44,19458,,,
7/8/2022,SAT,27,8,3,4,42,16664,,,
7/9/2022,SUN,235,2,3,9,249,119557,,,
7/10/2022,MON,26,5,5,6,42,14768,,,
7/11/2022,TUE,233,0,6,7,246,115966,,,
7/12/2022,WED,230,5,3,9,247,118259,,,
7/13/2022,THU,158,7,4,2,171,80637,,,
7/14/2022,FRI,24,6,1,0,31,13971,,,
7/15/2022,SAT,70,5,3,1,79,36027,,,
7/16/2022,SUN,85,8,2,9,104,47500,,,
7/17/2022,MON,190,1,2,4,197,95607,,,
7/18/2022,TUE,20,1,2,4,27,10777,,,
7/19/2022,WED,43,4,3,5,55,23351,,,
7/20/2022,THU,85,5,2,5,97,45107,,,
7/21/2022,FRI,86,1,5,1,93,41617,,,
7/22/2022,SAT,249,4,3,3,259,125547,,,
7/23/2022,SUN,181,8,1,10,200,96102,,,
7/24/2022,MON,105,2,1,0,108,52794,,,
7/25/2022,TUE,70,8,0,4,82,39318,,,
7/26/2022,WED,178,5,6,6,195,90217,,,
7/27/2022,THU,79,2,1,10,92,42810,,,
7/28/2022,FRI,224,4,1,4,233,114169,,,
7/29/2022,SAT,153,1,2,2,158,76546,,,
7/30/2022,SUN,157,4,5,6,172,79738,,,
7/31/2022,MON,81,3,4,7,95,42113,,,
8/1/2022,TUE,181,4,5,3,193,90817,,2,
8/2/2022,WED,210,6,0,5,221,108679,,,
8/3/2022,THU,96,8,3,1,108,50198,,,
8/4/2022,FRI,209,7,1,7,224,108778,,,
8/5/2022,SAT,151,0,0,9,160,78040,,,
8/6/2022,SUN,100,8,3,3,114,52792,,,
8/7/2022,MON,211,1,3,8,223,106883,,,
8/8/2022,TUE,103,2,2,7,114,53490,,,
8/9/2022,WED,111,3,6,4,124,55388,,,
8/10/2022,THU,248,6,2,1,257,125647,,,
8/11/2022,FRI,133,4,5,6,148,67762,,1,
8/12/2022,SAT,118,8,0,8,134,64466,,,
8/13/2022,SUN,224,1,3,2,230,111576,,,
8/14/2022,MON,55,5,5,4,69,28641,,,
8/15/2022,TUE,203,8,3,3,217,104189,,,
8/16/2022,WED,170,3,1,2,176,86226,,,
8/17/2022,THU,240,5,6,4,255,120557,,,
8/18/2022,FRI,250,2,6,9,267,125845,,,
8/19/2022,SAT,132,2,1,9,144,68958,,,
8/20/2022,SUN,105,7,6,1,119,53093,,,
8/21/2022,MON,127,4,3,8,142,66164,,,
8/22/2022,TUE,97,5,1,0,103,49999,,,
8/23/2022,WED,236,8,2,9,255,122849,,,
8/24/2022,THU,98,1,4,1,104,48004,,,
8/25/2022,FRI,156,3,6,7,172,78740,,,
8/26/2022,SAT,150,4,6,3,163,74949,,,
8/27/2022,SUN,30,3,1,1,35,16067,,,1
8/28/2022,MON,202,1,1,0,204,100798,,,
8/29/2022,TUE,212,7,1,8,228,110574,,,
8/30/2022,WED,167,6,5,4,182,84928,,,
8/31/2022,THU,121,1,4,0,126,59182,,,
9/1/2022,FRI,64,4,4,5,77,33431,,,
9/2/2022,SAT,72,2,3,8,85,37921,,,
9/3/2022,SUN,172,4,3,6,185,88021,,,
9/4/2022,MON,104,5,3,6,118,54488,,,
9/5/2022,TUE,242,1,5,7,255,121255,,,
9/6/2022,WED,177,0,5,8,190,88720,,,
9/7/2022,THU,143,8,5,6,162,74348,,,
9/8/2022,FRI,115,2,6,6,129,57583,,,
9/9/2022,SAT,63,3,6,6,78,32034,,,
9/10/2022,SUN,179,3,0,4,186,91714,,,
9/11/2022,MON,244,5,0,9,258,126442,,,
9/12/2022,TUE,119,7,2,10,138,64366,,,
9/13/2022,WED,32,8,3,2,45,18561,,,
9/14/2022,THU,68,8,1,5,82,38220,,,
9/15/2022,FRI,63,2,3,8,76,33430,,,
9/16/2022,SAT,177,5,0,6,188,92112,,,
9/17/2022,SUN,30,4,1,8,43,18559,,,
9/18/2022,MON,214,3,0,8,225,110375,,,
9/19/2022,TUE,200,1,6,5,212,99300,,,
9/20/2022,WED,42,7,6,0,55,21357,,,1
9/21/2022,THU,218,2,5,10,235,110575,,,
9/22/2022,FRI,101,1,0,3,105,51695,,,
9/23/2022,SAT,239,7,4,5,255,121953,,,
9/24/2022,SUN,101,2,5,7,115,51295,,,
9/25/2022,MON,159,8,5,10,182,83528,,,
9/26/2022,TUE,58,4,2,0,64,29740,,,
9/27/2022,WED,171,6,0,10,187,90713,,,
9/28/2022,THU,108,4,4,6,122,55686,,,
9/29/2022,FRI,72,5,3,9,89,39417,,,
9/30/2022,SAT,74,8,3,8,93,41313,,,
10/1/2022,SUN,84,1,6,1,92,40220,,,
10/2/2022,MON,176,3,0,4,183,90217,,,
10/3/2022,TUE,233,4,5,6,248,117662,,,
10/4/2022,WED,36,1,0,4,41,19559,,,
10/5/2022,THU,88,8,6,10,112,47700,,,
10/6/2022,FRI,247,6,2,4,259,126045,,,
10/7/2022,SAT,77,3,6,7,93,39319,,,
10/8/2022,SUN,177,2,2,8,189,90715,,,
10/9/2022,MON,233,0,3,5,241,116565,,,
10/10/2022,TUE,40,2,6,8,56,20756,,,
10/11/2022,WED,96,6,0,5,107,51793,,,
10/12/2022,THU,203,5,2,2,212,103092,,,
10/13/2022,FRI,96,8,6,7,117,50795,,,
10/14/2022,SAT,116,5,0,10,131,62869,,,
10/15/2022,SUN,111,1,1,6,119,57183,,,
10/16/2022,MON,25,1,6,4,36,11676,,,
10/17/2022,TUE,240,3,0,5,248,122452,,,
10/18/2022,WED,189,2,2,9,202,97002,,,
10/19/2022,THU,112,1,1,6,120,57682,,,
10/20/2022,FRI,120,5,6,10,141,62471,,,
10/21/2022,SAT,71,0,5,8,84,35826,,,
10/22/2022,SUN,201,7,0,9,217,105783,,,
10/23/2022,MON,123,6,0,4,133,64967,,,
10/24/2022,TUE,211,1,5,4,221,104889,,,
10/25/2022,WED,123,2,0,8,133,64567,,,
10/26/2022,THU,158,7,4,6,175,81833,,,
10/27/2022,FRI,182,2,0,6,190,93410,,,
10/28/2022,SAT,199,4,6,9,218,101194,,,
10/29/2022,SUN,221,2,4,1,228,109780,,,
10/30/2022,MON,196,4,0,3,203,100297,,,
10/31/2022,TUE,77,1,1,10,89,41413,,,
11/1/2022,WED,91,3,4,2,100,45608,,,
11/2/2022,THU,33,8,4,6,51,19857,,,
11/3/2022,FRI,228,4,1,4,237,116165,,,
11/4/2022,SAT,62,2,3,9,76,33230,,,
11/5/2022,SUN,159,8,4,5,176,82432,,1,
11/6/2022,MON,128,0,4,5,137,63771,,,
11/7/2022,TUE,84,4,4,3,95,42813,,,
11/8/2022,WED,22,2,2,6,32,12772,,,1
11/9/2022,THU,158,3,5,5,171,79539,,,
11/10/2022,FRI,172,6,3,3,184,87922,,,
11/11/2022,SAT,61,2,1,10,74,33828,,,
11/12/2022,SUN,158,1,4,5,168,79140,,,
11/13/2022,MON,147,8,1,10,166,79136,,,
11/14/2022,TUE,239,2,5,10,256,121054,,,
11/15/2022,WED,207,6,2,2,217,105487,,,
11/16/2022,THU,95,3,6,8,112,48600,,,
11/17/2022,FRI,171,6,1,5,183,88819,,,
11/18/2022,SAT,211,4,1,7,223,108579,,,
11/19/2022,SUN,220,7,2,0,229,111775,,,
11/20/2022,MON,18,4,0,5,27,12073,,,
11/21/2022,TUE,214,2,1,10,227,110175,,,
11/22/2022,WED,156,8,1,7,172,82730,,,
11/23/2022,THU,60,3,3,7,73,32033,,,
11/24/2022,FRI,186,4,1,4,195,95207,,,
11/25/2022,SAT,243,1,0,0,244,121656,,,
11/26/2022,SUN,135,2,2,3,142,68262,,,
11/27/2022,MON,210,0,0,3,213,105687,,,
11/28/2022,TUE,34,2,1,10,47,20355,,,
11/29/2022,WED,182,3,0,10,195,95005,,,
11/30/2022,THU,143,2,1,0,146,71756,,,
12/1/2022,FRI,239,0,1,2,242,119460,,,
12/2/2022,SAT,35,5,3,5,48,19758,,,
12/3/2022,SUN,68,0,3,1,72,33034,,,
12/4/2022,MON,221,0,1,2,224,110478,,,
12/5/2022,TUE,231,4,4,1,240,115568,,,
12/6/2022,WED,134,3,4,6,147,68261,,,
12/7/2022,THU,152,5,1,0,158,77444,,,
12/8/2022,FRI,121,1,2,8,132,62372,,,
12/9/2022,SAT,51,1,0,10,62,28838,,,
12/10/2022,SUN,78,4,3,0,85,39321,,,
12/11/2022,MON,218,2,5,6,231,109379,,,
12/12/2022,TUE,242,4,0,2,248,122952,,,
12/13/2022,WED,140,6,0,6,152,74048,,,
12/14/2022,THU,227,2,2,1,232,113572,,,
12/15/2022,FRI,109,5,0,7,121,58479,,,
12/16/2022,SAT,126,6,5,0,137,63273,,,
12/17/2022,SUN,145,4,1,10,160,76542,,,
12/18/2022,MON,69,8,6,10,93,38219,,,
12/19/2022,TUE,92,4,5,6,107,47303,,,
12/20/2022,WED,178,5,0,8,191,93209,,,
12/21/2022,THU,220,1,3,2,226,109580,,,
12/22/2022,FRI,182,0,4,0,186,89222,,,
12/23/2022,SAT,213,7,5,3,228,107982,,,
12/24/2022,SUN,175,0,3,2,180,86726,,,
12/25/2022,MON,155,0,3,6,164,77942,,,
12/26/2022,TUE,104,8,2,9,123,56981,,,
12/27/2022,WED,26,7,6,2,41,13971,,,
12/28/2022,THU,74,3,5,10,92,39118,,,
12/29/2022,FRI,97,1,3,4,105,48801,,,
12/30/2022,SAT,60,3,6,7,76,30836,,,
12/31/2022,SUN,80,0,3,10,93,41713,,,
1/1/2023,MON,124,8,5,9,146,65764,,,
1/2/2023,TUE,153,1,4,4,162,76346,,,
1/3/2023,WED,47,8,0,7,62,28738,,,
1/4/2023,THU,121,6,0,9,136,65464,,,
1/5/2023,FRI,240,6,4,5,255,122053,,,
1/6/2023,SAT,183,4,3,10,200,94706,,,
1/7/2023,SUN,39,4,6,9,58,21354,,,
1/8/2023,MON,235,2,0,1,238,118362,,,
1/9/2023,TUE,228,1,4,9,242,115266,,,
1/10/2023,WED,96,7,5,10,118,51692,,,
1/11/2023,THU,166,0,3,4,173,82833,,,
1/12/2023,FRI,124,5,1,5,135,64967,,,
1/13/2023,SAT,116,0,5,6,127,57683,,,
1/14/2023,SUN,223,1,5,10,239,112671,,,
1/15/2023,MON,123,6,4,9,142,64866,,,
1/16/2023,TUE,215,2,5,1,223,106387,,,1
1/17/2023,WED,24,8,4,3,39,14469,,,
1/18/2023,THU,247,0,3,0,250,122056,,,
1/19/2023,FRI,220,7,0,2,229,113171,,,
1/20/2023,SAT,150,2,1,1,154,75548,,,
1/21/2023,SUN,22,3,4,9,38,13270,,,
1/22/2023,MON,72,6,1,3,82,38820,,,
1/23/2023,TUE,23,3,2,4,32,13072,,,
1/24/2023,WED,104,1,5,3,113,51197,,,
1/25/2023,THU,114,0,4,6,124,57084,,,
1/26/2023,FRI,99,0,6,1,106,47306,,,
1/27/2023,SAT,53,1,1,4,59,27643,,,
1/28/2023,SUN,87,5,3,8,103,46603,,,
1/29/2023,MON,73,1,5,10,89,37821,,,
1/30/2023,TUE,105,2,1,0,108,52794,,,
1/31/2023,WED,173,7,2,7,189,90415,,,
2/1/2023,THU,250,8,1,8,267,129935,,,
2/2/2023,FRI,78,7,2,7,94,43010,,,
2/3/2023,SAT,166,3,1,8,178,86024,,,
2/4/2023,SUN,241,8,4,5,258,123350,,,
2/5/2023,MON,161,3,6,0,170,79142,,,
2/6/2023,TUE,193,7,4,5,209,98999,,,
2/7/2023,WED,193,1,4,0,198,95110,,,
2/8/2023,THU,154,0,2,9,165,78739,,,
2/9/2023,FRI,17,6,3,3,29,10577,,1,
2/10/2023,SAT,67,1,4,10,82,35226,,,
2/11/2023,SUN,101,2,1,8,112,53190,,,
2/12/2023,MON,147,8,2,2,159,76345,,,
2/13/2023,TUE,147,8,5,4,164,75746,,,
2/14/2023,WED,100,2,2,10,114,52890,,,
2/15/2023,THU,248,2,5,9,264,125246,,,
2/16/2023,FRI,78,0,2,10,90,41114,,,
2/17/2023,SAT,51,6,2,6,65,28839,,,
2/18/2023,SUN,245,7,1,1,254,124948,,,
2/19/2023,MON,116,2,3,4,125,58681,,,
2/20/2023,TUE,90,4,2,3,99,46605,,,
2/21/2023,WED,246,5,1,5,257,125845,,,
2/22/2023,THU,219,6,3,7,235,112571,,,
2/23/2023,FRI,141,2,0,0,143,71157,,,
2/24/2023,SAT,29,0,4,2,35,13473,,,
2/25/2023,SUN,53,6,2,8,69,30435,,,
2/26/2023,MON,147,3,2,6,158,75546,,,
2/27/2023,TUE,52,2,2,0,56,25948,,,
2/28/2023,WED,18,4,3,1,26,9680,,,
3/1/2023,THU,109,5,3,3,120,56086,,1,
3/2/2023,FRI,137,1,3,10,151,70555,,,
3/3/2023,SAT,170,4,2,10,186,88618,,,
3/4/2023,SUN,169,5,4,4,182,85926,,,
3/5/2023,MON,110,2,5,6,123,55487,,,
3/6/2023,TUE,22,4,5,8,39,12971,,,
3/7/2023,WED,154,5,6,5,170,77942,,,
3/8/2023,THU,45,6,5,8,64,25246,,,
3/9/2023,FRI,53,2,0,1,56,27544,,,
3/10/2023,SAT,32,3,0,8,43,19557,,,
3/11/2023,SUN,140,7,5,7,159,72751,,,
3/12/2023,MON,161,4,1,4,170,82732,,,
3/13/2023,TUE,55,0,3,5,63,27743,,,
3/14/2023,WED,209,6,4,8,227,107481,,,
3/15/2023,THU,164,2,4,5,175,82533,,,1
3/16/2023,FRI,185,0,0,4,189,93511,,,
3/17/2023,SAT,205,5,0,1,211,104589,,,
3/18/2023,SUN,31,7,1,4,43,19059,,,
3/19/2023,MON,40,6,4,9,59,23449,,,
3/20/2023,TUE,52,2,3,5,62,27044,,,
3/21/2023,WED,55,3,6,6,70,28042,,,
3/22/2023,THU,44,6,1,10,61,26941,,,
3/23/2023,FRI,174,5,2,5,186,89518,,,
3/24/2023,SAT,29,4,5,3,41,14969,,,
3/25/2023,SUN,96,5,6,7,114,49598,,,
3/26/2023,MON,88,1,5,3,97,43213,,,
3/27/2023,TUE,120,5,2,3,130,61974,,,
3/28/2023,WED,141,5,2,1,149,71855,,,
3/29/2023,THU,130,1,4,7,142,65766,,,
3/30/2023,FRI,91,3,3,5,102,46904,,,
3/31/2023,SAT,70,1,0,4,75,36525,,,
4/1/2023,SUN,121,1,6,6,134,60178,,,
4/2/2023,MON,25,6,5,4,40,14070,,2,
4/3/2023,TUE,142,2,0,0,144,71656,,,
4/4/2023,WED,160,3,3,3,169,80737,,,
4/5/2023,THU,144,0,0,3,147,72753,,,
4/6/2023,FRI,129,2,4,10,145,66563,,,
4/7/2023,SAT,186,7,2,5,200,96304,,,
4/8/2023,SUN,185,7,4,6,202,95306,,,
4/9/2023,MON,229,4,2,3,238,115966,,,
4/10/2023,TUE,207,1,5,5,218,103192,,,
4/11/2023,WED,86,3,1,3,93,44609,,,
4/12/2023,THU,156,5,6,1,168,77744,,,
4/13/2023,FRI,70,4,6,0,80,34132,,,
4/14/2023,SAT,241,1,5,1,248,118962,,,
4/15/2023,SUN,62,3,0,0,65,32135,,,
4/16/2023,MON,160,3,0,2,165,81635,,,
4/17/2023,TUE,32,3,6,1,42,15070,,,
4/18/2023,WED,57,6,2,7,72,32132,,,1
4/19/2023,THU,75,4,5,1,85,37325,,,
4/20/2023,FRI,193,8,0,5,206,100994,,,
4/21/2023,SAT,88,7,6,5,106,45806,,,
4/22/2023,SUN,130,0,2,7,139,66165,,,
4/23/2023,MON,226,7,6,2,241,113771,,,
4/24/2023,TUE,219,3,3,4,229,110477,,,
4/25/2023,WED,218,1,1,1,221,109081,,,
4/26/2023,THU,204,2,1,5,212,103690,,,
4/27/2023,FRI,245,2,0,8,255,125445,,,
4/28/2023,SAT,61,2,3,10,76,33030,,,
4/29/2023,SUN,143,6,2,9,160,75644,,,
4/30/2023,MON,196,4,2,6,208,100396,,,
5/1/2023,TUE,19,6,3,6,34,12472,,,
5/2/2023,WED,214,6,3,9,232,110674,,,1
5/3/2023,THU,224,7,1,1,233,114469,,,
5/4/2023,FRI,70,3,1,5,79,37223,,,
5/5/2023,SAT,129,8,5,0,142,65568,,,
5/6/2023,SUN,157,4,4,3,168,79240,,,
5/7/2023,MON,227,8,3,2,240,115866,,,
5/8/2023,TUE,98,0,3,0,101,47705,,,
5/9/2023,WED,118,8,3,4,133,62073,,,
5/10/2023,THU,150,0,4,4,158,74450,,,
5/11/2023,FRI,113,7,0,0,120,59180,,,
5/12/2023,SAT,136,7,1,0,144,70258,,,
5/13/2023,SUN,174,5,2,5,186,89518,,,
5/14/2023,MON,124,5,2,0,131,63073,,,
5/15/2023,TUE,49,1,6,0,56,22456,,,
5/16/2023,WED,177,6,5,9,197,91413,,,
5/17/2023,THU,243,7,4,9,263,125145,,,
5/18/2023,FRI,108,4,0,3,115,56385,,,
5/19/2023,SAT,68,0,4,3,75,33233,,2,
5/20/2023,SUN,139,5,6,2,152,69560,,,
5/21/2023,MON,44,2,1,3,50,23252,,,
5/22/2023,TUE,178,1,4,5,188,89120,,,
5/23/2023,WED,104,8,5,7,124,55186,,,
5/24/2023,THU,72,5,4,2,83,36925,,,
5/25/2023,FRI,43,1,1,5,50,22952,,,
5/26/2023,SAT,64,3,3,10,80,34926,,,
5/27/2023,SUN,104,8,5,5,122,54588,,,
5/28/2023,MON,78,4,0,1,83,40817,,,
5/29/2023,TUE,144,7,1,9,161,76941,,,
5/30/2023,WED,56,3,3,9,71,30635,,,
5/31/2023,THU,119,1,1,5,126,60876,,,
6/1/2023,FRI,187,2,2,7,198,95406,,,
6/2/2023,SAT,180,2,3,0,185,89421,,,
6/3/2023,SUN,209,6,5,0,220,104690,,,
6/4/2023,MON,175,2,3,1,181,87225,,,
6/5/2023,TUE,184,8,6,10,208,95604,,,
6/6/2023,WED,192,4,0,6,202,99198,,,
6/7/2023,THU,80,3,6,10,99,41713,,,
6/8/2023,FRI,129,6,6,10,151,67361,,,
6/9/2023,SAT,217,5,5,6,233,110077,,,
6/10/2023,SUN,31,0,2,10,43,17661,,,
6/11/2023,MON,250,1,6,9,266,125446,,,
6/12/2023,TUE,165,8,5,8,186,85924,,,
6/13/2023,WED,168,1,4,10,183,85625,,,
6/14/2023,THU,214,2,5,8,229,107981,,,
6/15/2023,FRI,240,7,1,2,250,122752,,,
6/16/2023,SAT,136,8,3,3,150,70756,,,
6/17/2023,SUN,150,6,2,2,160,77044,,,
6/18/2023,MON,160,8,2,0,170,82234,,,
6/19/2023,TUE,213,0,3,3,219,105987,,1,
6/20/2023,WED,169,2,0,8,179,87521,,,
6/21/2023,THU,82,7,3,10,102,45504,,,
6/22/2023,FRI,199,3,1,0,203,100099,,,
6/23/2023,SAT,53,8,3,7,71,30535,,,
6/24/2023,SUN,43,6,4,9,62,24946,,,
6/25/2023,MON,84,8,4,1,97,43811,,,
6/26/2023,TUE,24,8,5,8,45,15565,,,
6/27/2023,WED,156,0,6,0,162,75450,,,
6/28/2023,THU,138,1,5,2,146,67864,,,
6/29/2023,FRI,62,2,6,2,72,29940,,,
6/30/2023,SAT,173,4,1,4,182,88720,,,
7/1/2023,SUN,206,7,1,9,223,107879,,,
7/2/2023,MON,77,2,2,10,91,41413,,,
7/3/2023,TUE,105,1,4,5,115,52693,,,
7/4/2023,WED,24,4,4,9,41,14667,,,
7/5/2023,THU,108,8,4,6,126,57282,,,
7/6/2023,FRI,54,8,6,1,69,28043,,,
7/7/2023,SAT,144,0,3,5,152,72154,,,
7/8/2023,SUN,69,3,0,6,78,37422,,,1
7/9/2023,MON,55,3,3,6,67,29239,,,
7/10/2023,TUE,160,7,5,3,175,81535,,,
7/11/2023,WED,89,4,6,10,109,46603,,,
7/12/2023,THU,122,8,4,8,142,64866,,,
7/13/2023,FRI,228,5,2,7,242,117062,,,
7/14/2023,SAT,94,7,0,1,102,49998,,,
7/15/2023,SUN,209,3,2,9,223,107381,,,
7/16/2023,MON,91,6,1,0,98,47404,,,
7/17/2023,TUE,153,8,4,8,173,80335,,,
7/18/2023,WED,187,6,4,10,207,97101,,,
7/19/2023,THU,168,0,0,9,177,86523,,,
7/20/2023,FRI,89,1,6,6,102,44210,,,
7/21/2023,SAT,195,3,4,7,209,98999,,,
7/22/2023,SUN,218,8,4,8,238,112770,,,
7/23/2023,MON,210,1,2,8,221,106783,,,
7/24/2023,TUE,229,0,5,5,239,113771,,,
7/25/2023,WED,20,1,2,0,23,9581,,,
7/26/2023,THU,167,4,4,3,178,84230,,,
7/27/2023,FRI,144,6,5,1,156,72554,,,
7/28/2023,SAT,27,3,2,8,40,16264,,,
7/29/2023,SUN,223,3,2,4,232,112872,,,
7/30/2023,MON,96,2,1,1,100,48602,,,
7/31/2023,TUE,200,3,5,3,211,99899,,,
8/1/2023,WED,197,1,4,1,203,97405,,,
8/2/2023,THU,148,7,4,6,165,76843,,,
8/3/2023,FRI,177,2,2,9,190,91014,,,
8/4/2023,SAT,114,2,5,3,124,56586,,,
8/5/2023,SUN,98,0,0,3,101,49799,,2,
8/6/2023,MON,162,6,6,3,177,81735,,,
8/7/2023,TUE,21,0,4,1,26,9182,,,
8/8/2023,WED,85,2,3,0,90,42016,,,
8/9/2023,THU,24,0,4,8,36,12772,,,
8/10/2023,FRI,168,8,1,5,182,88120,,,
8/11/2023,SAT,187,1,2,5,195,94409,,,
8/12/2023,SUN,113,6,1,3,123,59279,,,
8/13/2023,MON,186,5,1,5,197,95905,,,
8/14/2023,TUE,175,1,4,5,185,87623,,,
8/15/2023,WED,56,4,4,6,70,29738,,,
8/16/2023,THU,175,4,3,0,182,87724,,,
8/17/2023,FRI,86,6,1,1,94,45208,,,
8/18/2023,SAT,70,1,2,8,81,36923,,,
8/19/2023,SUN,232,0,4,3,239,115069,,,
8/20/2023,MON,184,0,3,4,191,91815,,,
8/21/2023,TUE,69,2,6,10,87,35825,,,
8/22/2023,WED,88,0,0,9,97,46603,,,
8/23/2023,THU,86,6,0,1,93,45607,,,
8/24/2023,FRI,201,4,6,5,216,100996,,,
8/25/2023,SAT,174,1,6,10,191,87821,,,
8/26/2023,SUN,225,8,3,3,239,115167,,,
8/27/2023,MON,112,8,1,2,123,59279,,,
8/28/2023,TUE,237,2,6,7,252,118760,,,1
8/29/2023,WED,169,0,6,5,180,83432,,,
8/30/2023,THU,102,0,2,4,108,51296,,,
8/31/2023,FRI,222,3,5,5,235,111475,,,
9/1/2023,SAT,160,0,1,9,170,82132,,,
9/2/2023,SUN,58,3,4,7,72,30636,,,
9/3/2023,MON,121,3,3,4,131,61575,,,
9/4/2023,TUE,119,8,3,4,134,62572,,,
9/5/2023,WED,21,3,5,6,35,11475,,,
9/6/2023,THU,186,3,4,9,202,95106,,,
9/7/2023,FRI,190,1,2,4,197,95607,,,
9/8/2023,SAT,90,5,4,1,100,45608,,,
9/9/2023,SUN,250,4,0,4,258,127542,,,
9/10/2023,MON,28,3,5,3,39,14071,,,
9/11/2023,TUE,185,0,2,0,187,91517,,,
9/12/2023,WED,61,2,3,6,72,31834,,,
9/13/2023,THU,51,0,0,3,54,26346,,,
9/14/2023,FRI,209,7,5,0,221,105089,,,
9/15/2023,SAT,175,3,3,6,187,89119,,,
9/16/2023,SUN,173,8,1,0,182,89120,,,
9/17/2023,MON,139,5,2,0,146,70558,,,
9/18/2023,TUE,172,0,5,8,185,86225,,,
9/19/2023,WED,196,8,5,10,219,101991,,,
9/20/2023,THU,101,1,2,8,112,52392,,1,
9/21/2023,FRI,216,8,6,0,230,108582,,,
9/22/2023,SAT,125,8,0,0,133,65567,,,
9/23/2023,SUN,17,0,3,7,27,9379,,,
9/24/2023,MON,29,5,4,8,46,17262,,,
9/25/2023,TUE,202,2,2,8,214,103190,,,
9/26/2023,WED,22,7,0,9,38,16462,,,
9/27/2023,THU,32,1,2,10,45,18559,,,
9/28/2023,FRI,116,4,5,10,135,60475,,,
9/29/2023,SAT,40,4,5,3,52,20458,,,
9/30/2023,SUN,111,5,6,6,128,56784,,,
10/1/2023,MON,35,4,4,10,53,20455,,,
10/2/2023,TUE,196,6,1,6,209,101593,,,
10/3/2023,WED,146,8,6,5,165,75147,,,
10/4/2023,THU,244,5,6,0,255,121357,,,
10/5/2023,FRI,44,1,0,10,55,25345,,,
10/6/2023,SAT,76,5,5,0,86,37924,,,
10/7/2023,SUN,172,1,3,1,177,85329,,,
10/8/2023,MON,218,1,3,7,229,110077,,,
10/9/2023,TUE,177,6,3,8,194,91912,,,
10/10/2023,WED,108,4,0,0,112,55488,,,
10/11/2023,THU,49,5,0,10,64,29436,,,2
10/12/2023,FRI,224,7,6,5,242,113670,,,
10/13/2023,SAT,110,7,5,5,127,57183,,,
10/14/2023,SUN,77,7,0,10,94,44206,,,
10/15/2023,MON,32,7,6,2,47,16965,,,
10/16/2023,TUE,141,3,4,7,155,72053,,,
10/17/2023,WED,147,0,1,0,148,72954,,,
10/18/2023,THU,106,4,4,8,122,55286,,,
10/19/2023,FRI,45,4,6,8,63,24049,,,
10/20/2023,SAT,17,6,1,4,28,11674,,,
10/21/2023,SUN,125,0,5,7,137,62473,,,
10/22/2023,MON,109,6,6,6,127,56185,,,
10/23/2023,TUE,244,1,4,9,258,123250,,,
10/24/2023,WED,231,4,6,8,249,116863,,,
10/25/2023,THU,198,8,0,10,216,104984,,,
10/26/2023,FRI,26,2,3,10,41,15565,,,
10/27/2023,SAT,52,0,2,10,64,28140,,,
10/28/2023,SUN,187,0,2,8,197,94907,,,
10/29/2023,MON,199,1,5,0,205,97705,,,
10/30/2023,TUE,196,0,1,10,207,100395,,,
10/31/2023,WED,54,1,4,6,65,27543,,,
11/1/2023,THU,213,5,0,9,227,110973,,,
11/2/2023,FRI,163,4,5,4,176,82134,,,
11/3/2023,SAT,154,8,4,0,166,78442,,,
11/4/2023,SUN,89,7,6,3,105,45707,,,
11/5/2023,MON,207,3,1,3,214,104988,,,
11/6/2023,TUE,87,7,5,6,105,46005,,,
11/7/2023,WED,58,4,5,8,75,30935,,,
11/8/2023,THU,102,1,5,3,111,50199,,,
11/9/2023,FRI,75,8,1,0,84,40218,,,
11/10/2023,SAT,39,0,1,7,47,21155,,,
11/11/2023,SUN,42,8,2,5,57,24847,,,
11/12/2023,MON,83,1,3,6,93,42413,,,
11/13/2023,TUE,131,5,6,0,142,64970,,,
11/14/2023,WED,221,7,1,9,238,115364,,,1
11/15/2023,THU,89,2,5,9,105,45905,,,
11/16/2023,FRI,234,0,0,9,243,119457,,,
11/17/2023,SAT,141,6,2,7,156,74048,,,
11/18/2023,SUN,131,8,3,3,145,68261,,,
11/19/2023,MON,250,8,6,0,264,125548,,,
11/20/2023,TUE,107,1,5,6,119,53591,,,
11/21/2023,WED,64,2,6,7,79,32433,,,
11/22/2023,THU,84,2,1,3,90,43212,,,
11/23/2023,FRI,53,2,1,9,65,29537,,,
11/24/2023,SAT,248,2,3,1,254,123652,,,
11/25/2023,SUN,237,7,3,9,256,122550,,,
11/26/2023,MON,105,1,0,0,106,52794,,,
11/27/2023,TUE,20,5,2,9,36,13868,,,
11/28/2023,WED,143,7,0,9,159,76841,,,
11/29/2023,THU,49,6,4,7,66,27342,,,
11/30/2023,FRI,125,3,5,2,135,62175,,,
12/1/2023,SAT,116,4,5,6,131,59279,,,
12/2/2023,SUN,121,8,6,2,137,61775,,,
12/3/2023,MON,231,7,4,4,246,117662,,,
12/4/2023,TUE,62,4,5,3,74,31436,,,
12/5/2023,WED,154,4,4,0,162,76846,,1,
12/6/2023,THU,104,0,5,2,111,50499,,,
12/7/2023,FRI,241,4,1,4,250,122652,,,
12/8/2023,SAT,205,2,2,5,214,103790,,,
12/9/2023,SUN,93,8,6,2,109,47803,,,
12/10/2023,MON,219,0,5,2,226,107884,,,
12/11/2023,TUE,235,6,5,3,249,118561,,,
12/12/2023,WED,216,2,3,10,231,110375,,,
12/13/2023,THU,90,4,5,0,99,44511,,,
12/14/2023,FRI,208,2,5,9,224,105286,,,
12/15/2023,SAT,232,5,2,10,249,119955,,,
12/16/2023,SUN,163,5,5,5,178,82832,,,
12/17/2023,MON,109,0,2,3,114,54490,,,
12/18/2023,TUE,100,0,0,10,110,52890,,,
12/19/2023,WED,38,2,3,6,49,20357,,,
12/20/2023,THU,209,2,1,0,212,104690,,,
12/21/2023,FRI,145,6,3,5,159,75047,,,
12/22/2023,SAT,96,7,5,7,115,50795,,,
12/23/2023,SUN,46,0,3,3,52,22654,,,
12/24/2023,MON,101,2,0,2,105,51795,,,
12/25/2023,TUE,209,5,1,1,216,106186,,,
12/26/2023,WED,104,1,4,7,116,52792,,,
12/27/2023,THU,108,8,3,2,121,56485,,,
12/28/2023,FRI,28,1,1,4,34,15168,,,
12/29/2023,SAT,76,3,6,5,90,38222,,,
12/30/2023,SUN,232,3,4,1,240,115668,,,
12/31/2023,MON,151,1,6,4,162,74550,,,
1/1/2024,TUE,148,1,1,0,150,73852,,,
1/2/2024,WED,135,2,0,1,138,68462,,,
1/3/2024,THU,161,2,4,0,167,79541,,,
1/4/2024,FRI,46,0,6,10,62,23550,,,
1/5/2024,SAT,101,5,5,5,116,51894,,,
1/6/2024,SUN,37,3,5,5,50,19160,,,
1/7/2024,MON,147,3,3,5,158,74848,,,
1/8/2024,TUE,225,2,5,9,241,113769,,,
1/9/2024,WED,190,8,4,7,209,98499,,,
1/10/2024,THU,25,3,3,6,37,14269,,,
1/11/2024,FRI,38,6,6,1,51,19261,,,
1/12/2024,SAT,233,5,4,8,250,119058,,,
1/13/2024,SUN,51,4,6,10,71,27641,,,
1/14/2024,MON,43,8,6,8,65,24647,,,
1/15/2024,TUE,63,5,4,5,77,33331,,,
1/16/2024,WED,101,8,0,10,119,56581,,,
1/17/2024,THU,164,1,6,5,176,81336,,,
1/18/2024,FRI,168,5,4,9,186,86922,,,
1/19/2024,SAT,84,5,6,7,102,43610,,,
1/20/2024,SUN,117,3,6,6,132,58980,,,
1/21/2024,MON,221,8,1,9,239,115763,,,
1/22/2024,TUE,103,7,3,2,115,53591,,,
1/23/2024,WED,154,4,2,1,161,77943,,,
1/24/2024,THU,126,2,3,1,132,62774,,,
1/25/2024,FRI,52,0,2,2,56,25748,,,
1/26/2024,SAT,91,6,0,8,105,50195,,,
1/27/2024,SUN,81,4,2,7,94,43310,,,
1/28/2024,MON,213,7,4,6,230,109278,,,
1/29/2024,TUE,229,2,5,10,246,116064,,,
1/30/2024,WED,182,7,5,0,194,91616,,,
1/31/2024,THU,190,8,4,8,210,98798,,,
2/1/2024,FRI,249,3,6,7,265,125147,,,
2/2/2024,SAT,129,1,5,4,139,63971,,,
2/3/2024,SUN,25,7,1,6,39,16663,,,
2/4/2024,MON,71,4,5,1,81,35329,,,
2/5/2024,TUE,84,7,0,1,92,45008,,,
2/6/2024,WED,144,1,6,10,161,72851,,,
2/7/2024,THU,131,4,5,6,146,66764,,,
2/8/2024,FRI,207,2,5,1,215,102395,,,
2/9/2024,SAT,211,0,0,8,219,107681,,,
2/10/2024,SUN,173,5,3,2,183,87723,,,
2/11/2024,MON,92,3,6,10,111,47701,,,
2/12/2024,TUE,229,1,1,5,236,115766,,,
2/13/2024,WED,217,2,0,4,223,110277,,,
2/14/2024,THU,43,4,0,0,47,23053,,,1
2/15/2024,FRI,64,6,2,9,81,36223,,,
2/16/2024,SAT,112,1,5,4,122,55488,,,
2/17/2024,SUN,116,5,2,5,128,60576,,,
2/18/2024,MON,112,0,1,3,116,56386,,,
2/19/2024,TUE,33,6,0,4,43,20057,,,
2/20/2024,WED,142,3,0,2,147,72653,,,
2/21/2024,THU,29,7,3,5,44,17562,,,
2/22/2024,FRI,203,7,1,8,219,106083,,,
2/23/2024,SAT,242,4,1,9,256,124646,,,
2/24/2024,SUN,125,4,5,2,136,62574,,,
2/25/2024,MON,30,5,5,0,40,14970,,,
2/26/2024,TUE,22,2,3,5,32,12074,,,
2/27/2024,WED,152,0,4,9,165,76943,,,
2/28/2024,THU,81,7,4,6,98,43410,,,
2/29/2024,FRI,221,8,2,8,239,115065,,,
3/1/2024,SAT,60,1,4,8,73,31135,,,
3/2/2024,SUN,109,3,5,4,121,54789,,,
3/3/2024,MON,131,8,0,2,141,69159,,,
3/4/2024,TUE,231,4,6,8,249,116863,,,
3/5/2024,WED,242,6,6,6,260,122552,,,
3/6/2024,THU,204,8,6,4,222,103790,,,
3/7/2024,FRI,162,8,1,4,175,84827,,,
3/8/2024,SAT,113,4,3,10,130,59776,,,
3/9/2024,SUN,129,3,4,7,143,66065,,,
3/10/2024,MON,221,7,6,1,235,110977,,,
3/11/2024,TUE,174,1,4,0,179,85629,,,
3/12/2024,WED,133,6,2,6,147,69757,,,
3/13/2024,THU,68,2,4,9,83,35825,,,
3/14/2024,FRI,185,5,3,5,198,94608,,,
3/15/2024,SAT,112,8,4,2,126,58082,,,
3/16/2024,SUN,107,6,3,0,116,54590,,,
3/17/2024,MON,199,1,4,1,205,98403,,,
3/18/2024,TUE,148,5,5,10,168,76842,,,
3/19/2024,WED,225,0,1,6,232,113670,,,
3/20/2024,THU,49,7,6,2,64,25448,,,
3/21/2024,FRI,154,3,5,7,169,78141,,,
3/22/2024,SAT,154,2,5,4,165,76845,,,
3/23/2024,SUN,44,6,3,3,56,24050,,,
3/24/2024,MON,37,2,4,2,45,18263,,,
3/25/2024,TUE,105,4,5,1,115,52295,,,
3/26/2024,WED,194,7,0,0,201,99599,,,
3/27/2024,THU,203,3,6,6,218,101894,,,
3/28/2024,FRI,202,8,3,5,218,104288,,,
3/29/2024,SAT,19,1,0,9,29,12571,,,
3/30/2024,SUN,54,0,0,7,61,29039,,,
3/31/2024,MON,80,2,1,0,83,40319,,,
4/1/2024,TUE,92,2,4,4,102,46306,,,
4/2/2024,WED,105,0,1,0,106,51996,,,
4/3/2024,THU,234,5,2,3,244,118860,,,
4/4/2024,FRI,43,1,6,10,60,22452,,,
4/5/2024,SAT,81,0,5,8,94,40816,,,
4/6/2024,SUN,90,8,6,6,110,47502,,,
4/7/2024,MON,182,5,4,3,194,92114,,,
4/8/2024,TUE,78,7,4,5,94,41614,,,
4/9/2024,WED,218,3,4,2,227,108981,,,
4/10/2024,THU,112,3,1,1,117,56985,,,
4/11/2024,FRI,207,4,4,2,217,103891,,,
4/12/2024,SAT,208,8,3,5,224,107282,,,
4/13/2024,SUN,246,6,0,5,257,126643,,,
4/14/2024,MON,112,2,2,3,119,56785,,,
4/15/2024,TUE,105,1,5,4,115,51995,,,
4/16/2024,WED,46,6,1,3,56,25846,,,
4/17/2024,THU,231,5,1,7,244,118958,,,
4/18/2024,FRI,150,0,0,0,150,74850,,,
4/19/2024,SAT,65,2,6,7,80,32932,,,
4/20/2024,SUN,138,3,1,9,151,72351,,,
4/21/2024,MON,29,6,1,10,46,19456,,,
4/22/2024,TUE,115,7,3,8,133,61373,,,
4/23/2024,WED,73,7,2,3,85,39319,,,
4/24/2024,THU,205,0,3,9,217,103789,,,
4/25/2024,FRI,102,6,6,10,124,53888,,,
4/26/2024,SAT,83,8,3,9,103,46103,,,
4/27/2024,SUN,37,2,2,6,47,20257,,,
4/28/2024,MON,175,8,3,6,192,91114,,,
4/29/2024,TUE,177,4,0,4,185,91115,,,
4/30/2024,WED,75,0,3,6,84,38022,,,
5/1/2024,THU,102,1,4,5,112,51196,,,
5/2/2024,FRI,105,2,0,9,116,55884,,,
5/3/2024,SAT,90,4,1,10,105,49097,,,
5/4/2024,SUN,76,1,4,0,81,36727,,,
5/5/2024,MON,133,7,2,1,143,68661,,,
5/6/2024,TUE,115,4,4,8,131,59777,,,
5/7/2024,WED,22,5,5,2,34,11576,,,
5/8/2024,THU,182,4,1,6,193,93809,,,1
5/9/2024,FRI,107,4,2,9,122,56882,,,
5/10/2024,SAT,18,3,2,3,26,10278,,,
5/11/2024,SUN,164,0,1,0,165,81437,,,
5/12/2024,MON,69,8,3,5,85,37921,,,
5/13/2024,TUE,59,0,6,1,66,27346,,,
5/14/2024,WED,21,7,5,7,40,13370,,,
5/15/2024,THU,141,6,6,10,163,73349,,,
5/16/2024,FRI,108,7,2,4,121,57083,,,
5/17/2024,SAT,169,3,1,5,178,86624,,,
5/18/2024,SUN,212,2,2,1,217,106087,,,
5/19/2024,MON,198,5,0,6,209,102591,,,
5/20/2024,TUE,89,3,1,3,96,46106,,,
5/21/2024,WED,66,3,2,5,76,34828,,,
5/22/2024,THU,153,8,0,3,164,80436,,,
5/23/2024,FRI,72,5,5,4,86,37124,,,
5/24/2024,SAT,142,3,4,2,151,71057,,,
5/25/2024,SUN,38,2,5,2,47,18363,,,
5/26/2024,MON,17,4,4,3,28,9380,,,
5/27/2024,TUE,47,0,3,2,52,22854,,,
5/28/2024,WED,39,0,0,4,43,20657,,,
5/29/2024,THU,130,7,0,5,142,69158,,,
5/30/2024,FRI,157,7,0,1,165,81435,,,
5/31/2024,SAT,211,7,2,5,225,108779,,,
6/1/2024,SUN,133,6,0,2,141,69359,,,
6/2/2024,MON,98,4,3,10,115,52291,,,
6/3/2024,TUE,139,8,3,3,153,72253,,,
6/4/2024,WED,211,0,0,0,211,105289,,,
6/5/2024,THU,74,7,6,8,95,39717,,,
6/6/2024,FRI,29,2,4,3,38,14570,,,
6/7/2024,SAT,208,1,4,5,218,104090,,,
6/8/2024,SUN,69,3,4,3,79,34929,,,
6/9/2024,MON,38,4,5,6,53,20357,,,
6/10/2024,TUE,145,8,2,5,160,76244,,,
6/11/2024,WED,230,6,6,9,251,117461,,,
6/12/2024,THU,87,6,5,0,98,43812,,,
6/13/2024,FRI,157,7,0,5,169,82631,,,
6/14/2024,SAT,239,3,1,8,251,122451,,,
6/15/2024,SUN,113,1,1,8,123,58779,,,
6/16/2024,MON,206,2,6,1,215,101497,,,
6/17/2024,TUE,249,8,2,1,260,126944,,,
6/18/2024,WED,243,5,3,10,261,125045,,,
6/19/2024,THU,59,0,4,4,67,29041,,,
6/20/2024,FRI,238,6,5,9,258,121852,,,
6/21/2024,SAT,250,0,2,9,261,126643,,,
6/22/2024,SUN,164,2,1,7,174,84328,,,
6/23/2024,MON,162,7,3,7,179,84527,,,
6/24/2024,TUE,250,3,1,2,256,126146,,,
6/25/2024,WED,242,8,1,10,261,126541,,,
6/26/2024,THU,204,5,3,2,214,103192,,,
6/27/2024,FRI,239,4,6,10,259,121453,,,
6/28/2024,SAT,140,5,1,4,150,72652,,,
6/29/2024,SUN,92,0,0,9,101,48599,,,
6/30/2024,MON,108,4,1,6,119,56883,,,
7/1/2024,TUE,206,1,0,4,211,104389,,,
7/2/2024,WED,43,0,0,1,44,21756,,,
7/3/2024,THU,132,1,1,10,144,68858,,,
7/4/2024,FRI,229,5,5,3,242,115168,,,
7/5/2024,SAT,64,5,0,9,78,36622,,,
7/6/2024,SUN,21,6,0,5,32,14368,,,
7/7/2024,MON,74,5,2,0,81,38123,,,
7/8/2024,TUE,28,7,1,7,43,18459,,,
7/9/2024,WED,233,6,5,3,247,117563,,,
7/10/2024,THU,156,0,6,3,165,76347,,,
7/11/2024,FRI,75,1,2,8,86,39418,,,
7/12/2024,SAT,236,3,4,1,244,117664,,,
7/13/2024,SUN,41,5,2,7,55,23749,,1,
7/14/2024,MON,48,2,4,5,59,24649,,,
7/15/2024,TUE,228,2,4,7,241,115067,,,
7/16/2024,WED,249,7,0,3,259,127941,,,
7/17/2024,THU,137,1,3,1,142,67864,,,
7/18/2024,FRI,41,4,5,3,53,20957,,,
7/19/2024,SAT,136,5,2,0,143,69061,,,
7/20/2024,SUN,133,2,0,0,135,67165,,,
7/21/2024,MON,43,4,1,1,49,22953,,,
7/22/2024,TUE,132,0,5,3,140,64770,,,
7/23/2024,WED,190,2,0,10,202,98598,,,
7/24/2024,THU,177,3,0,3,183,90417,,,
7/25/2024,FRI,128,6,2,5,141,66963,,,
7/26/2024,SAT,44,0,5,10,59,22951,,,
7/27/2024,SUN,160,4,0,7,171,83529,,,
7/28/2024,MON,19,6,6,3,34,10378,,,
7/29/2024,TUE,137,0,2,7,146,69658,,,
7/30/2024,WED,107,1,1,9,118,56084,,,
7/31/2024,THU,44,5,3,7,59,24847,,,
8/1/2024,FRI,217,7,5,7,236,111174,,,
8/2/2024,SAT,84,0,0,5,89,43411,,,
8/3/2024,SUN,170,7,4,2,183,86625,,,
8/4/2024,MON,71,0,1,10,82,38020,,,
8/5/2024,TUE,121,0,1,0,122,59980,,,
8/6/2024,WED,80,8,5,6,99,42911,,,
8/7/2024,THU,215,6,1,5,227,110775,,,
8/8/2024,FRI,181,3,4,2,190,90518,,,
8/9/2024,SAT,139,1,0,5,145,71255,,,
8/10/2024,SUN,41,4,6,0,51,19661,,,
8/11/2024,MON,91,1,2,3,97,45907,,,
8/12/2024,TUE,63,5,6,6,80,32832,,,
8/13/2024,WED,121,1,2,1,125,60279,,,
8/14/2024,THU,130,2,2,10,144,67860,,,
8/15/2024,FRI,172,4,5,0,181,85429,,,
8/16/2024,SAT,86,3,0,9,98,46802,,,
8/17/2024,SUN,175,6,4,6,191,89917,,,
8/18/2024,MON,203,3,3,4,213,102493,,,
8/19/2024,TUE,133,8,1,5,147,70655,,,
8/20/2024,WED,144,1,1,6,152,73650,,,
8/21/2024,THU,178,2,5,6,191,89419,,,
8/22/2024,FRI,177,3,6,2,188,87724,,,
8/23/2024,SAT,87,0,3,3,93,43113,,,
8/24/2024,SUN,75,3,3,7,88,39518,,,
8/25/2024,MON,67,2,6,3,78,32734,,,
8/26/2024,TUE,230,2,6,3,241,114071,,,
8/27/2024,WED,213,6,4,0,223,107085,,,
8/28/2024,THU,108,4,4,10,126,56882,,,
8/29/2024,FRI,223,4,6,7,240,112572,,,
8/30/2024,SAT,64,8,6,9,87,35425,,,
8/31/2024,SUN,233,4,1,3,241,118361,,,
9/1/2024,MON,174,3,5,5,187,87523,,,
9/2/2024,TUE,93,7,1,1,102,49100,,,
9/3/2024,WED,187,5,3,10,205,97101,,,
9/4/2024,THU,198,3,1,4,206,100796,,,
9/5/2024,FRI,214,5,0,3,222,109678,,,1
9/6/2024,SAT,150,0,5,8,163,75247,,,
9/7/2024,SUN,108,7,4,1,120,55388,,,
9/8/2024,MON,166,0,0,3,169,83731,,,
9/9/2024,TUE,25,3,4,9,41,14767,,,
9/10/2024,WED,198,3,5,5,211,99499,,,
9/11/2024,THU,229,6,4,6,245,116863,,,
9/12/2024,FRI,206,4,5,8,223,104787,,,
9/13/2024,SAT,109,6,0,7,122,58878,,,
9/14/2024,SUN,98,1,0,3,102,50198,,,
9/15/2024,MON,53,1,3,4,61,26845,,,
9/16/2024,TUE,174,2,1,1,178,87524,,,
9/17/2024,WED,170,3,6,7,186,85726,,,
9/18/2024,THU,52,4,6,5,67,26645,,,
9/19/2024,FRI,217,7,6,7,237,110775,,,
9/20/2024,SAT,141,8,0,5,154,75046,,,
9/21/2024,SUN,241,3,4,9,257,122551,,,
9/22/2024,MON,78,2,6,0,86,37326,,,
9/23/2024,TUE,222,5,6,9,242,113070,,,
9/24/2024,WED,107,7,0,3,117,57083,,,
9/25/2024,THU,98,5,3,9,115,52391,,,
9/26/2024,FRI,232,8,5,2,247,117563,,,
9/27/2024,SAT,217,6,4,9,236,111772,,,
9/28/2024,SUN,80,4,0,8,92,43908,,1,
9/29/2024,MON,105,3,5,10,123,54587,,,
9/30/2024,TUE,182,2,0,6,190,93410,,,
10/1/2024,WED,79,4,1,4,88,41814,,,
10/2/2024,THU,208,4,0,2,214,105986,,,
